,E Fixed,rho Fixed,nu Fixed,E Free,rho Free,nu Free,Axial Frequency (Hz)
E Fixed,1.0,0.3536701024150914,-0.6119265445039527,0.0013659987424811783,0.004136006994939959,0.0021702494081834796,0.5987981265488317
rho Fixed,0.3536701024150914,1.0,-0.12417430768656924,0.010362250131655815,0.01211891314715508,-0.0063501912011141295,0.15401082424146867
nu Fixed,-0.6119265445039527,-0.12417430768656924,1.0,-0.0015551308331802763,-0.0025531672464927887,-0.00042998456923106973,-0.4463347226876831
E Free,0.0013659987424811783,0.010362250131655815,-0.0015551308331802763,1.0,0.34422186992018694,-0.6079525430512417,0.14431084301135172
rho Free,0.004136006994939959,0.01211891314715508,-0.0025531672464927887,0.34422186992018694,1.0,-0.11968244668626705,-0.3278750683580787
nu Free,0.0021702494081834796,-0.0063501912011141295,-0.00042998456923106973,-0.6079525430512417,-0.11968244668626705,1.0,-0.27973971661587343
Axial Frequency (Hz),0.5987981265488317,0.15401082424146867,-0.4463347226876831,0.14431084301135172,-0.3278750683580787,-0.27973971661587343,1.0
